review_id,user_id,hotel_id,review_date,score_overall,score_cleanliness,score_comfort,score_facilities,score_location,score_staff,score_value_for_money
1,1600,1,07-10-2022,8.7,8.6,8.7,8.5,9,8.8,8.7
2,432,4,24-03-2020,9.1,10,9.1,9,8.6,9.4,8.6
3,186,18,18-12-2023,8.8,9.7,8.8,8.3,8.7,8.1,8.6
4,1403,19,22-06-2022,8.9,9,8.8,8.5,9.6,9.1,8.3
5,1723,17,02-07-2022,9.1,8.9,9.5,9.3,8.3,9.4,8.9
6,800,7,10-08-2025,8.7,8.2,8.7,8.1,9.5,9,8.8
7,830,23,05-06-2022,8.9,8.1,9,8.6,9.6,9.2,8.2
8,1492,6,19-02-2020,8.8,8.1,8.7,9.3,9.3,9.5,7.4
9,1009,13,21-03-2021,8.8,8.4,8.4,8.1,9.1,9.5,8.9
10,1334,15,20-11-2022,8.8,9.4,9.2,8,9.3,8.3,8.5
11,71,13,15-05-2020,8.9,9.7,8.9,8.3,9.2,8.9,8.2
12,1279,18,26-04-2021,8.7,8.7,8.5,8.6,9.8,8.8,7.3
13,714,18,10-04-2023,8.7,8.6,8.8,8.9,9,9,7.6
14,964,9,29-06-2021,9.1,9.4,8.9,9.1,8.7,9.6,8.9
15,1042,25,07-10-2022,9.1,8.7,8.4,9.2,9.4,9.7,8.8
16,485,1,18-01-2021,8.7,8.8,8.9,8.4,8.9,8.7,8.4
17,1421,1,04-12-2020,8.8,8.3,8.6,9.1,9.5,9.1,7.5
18,232,6,09-04-2023,8.9,9.4,9.5,8.5,9.5,8.3,8
19,588,3,24-06-2020,8.8,8.6,8.7,8.5,9.3,9.2,8.3
20,70,11,07-04-2024,9,9.7,8.7,9,9.1,9,8.4
21,708,24,05-09-2022,8.7,8.9,9.5,7.9,9.2,8.1,8.3
22,1722,2,27-10-2024,9.1,9.3,9.4,9.6,8.9,8.9,8.2
23,248,15,16-11-2024,9,9.8,9.6,7.9,9.1,9.1,8.2
24,667,20,17-11-2025,9.1,9,8.8,8.9,9.3,9.5,8.9
25,1493,7,15-06-2024,8.9,9.1,9.7,7.8,9.7,8.5,8
26,503,4,15-01-2024,9,8.9,8.9,9.5,9.4,9.4,7.2
27,160,25,14-02-2020,9,9.6,9.9,8,9.1,8.4,8.6
28,1635,17,20-04-2021,9.2,9,9.5,9.6,9,9.5,8.5
29,524,20,14-06-2025,9,8.7,8.9,9.5,9.3,8.7,8.3
30,550,17,30-11-2025,8.8,9.2,9.6,8.2,8.8,8.4,8.3
31,1138,21,02-10-2024,8.7,8.6,8.7,8.5,9.1,8.8,8.6
32,1569,7,04-07-2024,9.1,9.6,9,9.4,9.1,9.1,8.4
33,1832,9,23-10-2025,9.2,9.4,9.8,8.8,9.5,8.7,8.8
34,960,12,07-04-2023,8.7,8.3,8.9,8.5,9,9.3,8.1
35,318,21,26-07-2025,8.9,9,9.2,8.5,9.3,8.3,8.6
36,710,1,17-06-2023,8.8,9.3,9.4,8.2,9.1,8.3,8.4
37,1756,18,15-09-2021,8.6,8.6,8.2,7.9,8.7,9.1,8.8
38,1548,10,20-11-2022,9,9.4,9,9,8.4,9.3,9
39,1479,5,28-12-2023,8.9,9.2,9.2,8.7,9.4,9,7.9
40,1199,7,21-04-2022,9.1,9.1,9.1,8.9,9.7,9,8.9
41,1036,24,19-04-2021,8.8,9.1,8.9,9.2,8.3,8.3,8.8
42,90,19,30-09-2020,9,9.8,8.9,9.3,8.8,8.8,8.4
43,1950,16,31-03-2023,9.2,9.2,9.2,8.8,9.3,9.7,9
44,1752,5,10-05-2023,9.1,8.3,8.9,9.4,9.6,9.6,8.1
45,181,3,31-08-2021,8.6,8.6,8.6,8.3,9.2,8.7,7.9
46,1566,4,07-05-2025,9.1,10,9.3,8.3,9,9.2,8.5
47,1093,12,13-02-2021,8.7,8.8,9.4,8.1,9.3,8.4,8.1
48,1141,16,10-10-2022,8.9,9.3,9.5,8.5,8.5,8.8,8.5
49,1610,3,14-08-2025,8.6,8.9,9.2,7.9,8.9,8.5,7.9
50,1928,22,04-07-2022,9.3,10,9.7,8.2,9.3,9.1,9
51,1813,17,27-11-2022,8.9,8.5,9.3,8.2,9.3,9.3,8.7
52,251,25,31-12-2021,8.9,9.1,9.1,8.6,9.2,8.6,8.9
53,1611,19,14-01-2021,9.1,9.2,9.5,7.9,9.9,9,8.5
54,1383,1,06-09-2020,8.7,8.2,8.8,8.7,9.4,9,7.4
55,397,24,13-04-2024,8.9,9.5,8.3,9.3,8.9,8.9,8.6
56,1619,5,22-11-2024,9.1,8.6,9.1,9.8,9.4,9.2,8.2
57,609,13,26-05-2025,8.7,8.1,8.3,8.8,9.8,9.1,7.6
58,542,3,25-10-2023,8.8,7.8,9.5,8.6,9.5,9.1,7.7
59,1482,22,18-04-2024,9.1,8.9,8.6,9.4,10,9.4,7.9
60,1158,6,04-02-2023,9,9.5,9.7,8.7,9.5,8.4,7.7
61,1000,20,19-09-2024,9.2,9.3,9.9,8.2,9.7,9.1,8.5
62,567,17,26-06-2020,9.2,9.6,9.6,9.6,9.1,8.6,8.7
63,1873,3,08-07-2022,9.1,8.8,8.9,8.8,9.8,9.5,8.7
64,37,21,28-02-2020,9,9.6,9.6,8.4,9.7,8.3,8.1
65,1437,25,09-09-2023,9,9.9,9.1,8.1,8.9,8.7,8.9
66,1702,23,21-08-2020,8.9,8.8,8.7,8.6,9.6,9.3,7.9
67,873,21,15-06-2021,9,9.7,9,8.9,8.8,9,8.8
68,1828,24,14-04-2020,8.7,9.5,8.8,8.4,8.4,8.3,8.6
69,831,9,03-08-2024,9,9.1,9.6,8.2,8.9,8.9,8.9
70,1510,3,30-06-2020,8.9,8.4,9.3,8.1,9.5,9.1,9
71,871,12,09-05-2020,8.9,9.4,9,8.5,8.9,8.9,8.6
72,296,13,18-01-2021,8.7,8.2,8.1,8.6,9.1,9.2,8.6
73,1472,11,21-11-2025,9,9.9,9.2,8.9,9.4,8.2,8.2
74,1552,15,24-05-2023,8.9,8.7,8.9,8.1,9.8,9.1,8.7
75,1773,9,07-10-2023,9.2,10,9.3,8.9,9.2,8.4,8.9
76,1478,3,23-05-2022,8.9,8.7,8.9,8.1,9.3,10,8.5
77,1111,14,24-05-2023,9,9.2,9.4,8.8,9.3,8.5,8.4
78,1654,3,22-07-2024,8.9,8.9,8.6,8.7,8.9,9.7,8.7
79,979,11,10-10-2020,9.1,9.5,9.4,9.5,8.6,8.7,9
80,1522,25,12-05-2022,9.2,9.9,9.4,9,8.8,8.7,9.3
81,836,1,25-07-2024,8.7,8.1,8.8,9,9.6,9.2,6.9
82,1883,4,09-04-2023,9,9.3,9,8.9,9.1,9.3,8.6
83,1940,20,15-04-2022,9.2,9.4,9.3,8.6,9.7,9,8.7
84,1995,4,26-04-2024,8.9,8.8,9.1,9.5,8.8,9.2,7.5
85,175,4,03-08-2024,9.1,9.7,9.4,8.9,8.9,9,8.2
86,693,4,08-09-2020,9.2,9.4,9,9.9,8.5,9.6,8.7
87,1390,3,22-06-2024,8.9,8.4,9.5,8.6,9.5,9.6,7.3
88,1388,25,30-01-2022,8.9,8.9,8.9,8.6,9,8.9,8.8
89,486,1,10-09-2025,8.7,8.5,8.4,8.8,10,8.5,7.7
90,326,12,25-12-2021,8.9,8.9,9.3,8.8,8.4,8.8,8.9
91,1178,16,29-09-2025,9,9.6,9.2,8.4,9.2,9.1,8.5
92,398,1,21-07-2025,9.1,9.5,9.2,9.6,8.8,8.6,8.5
93,1685,12,12-06-2022,8.8,8.3,9.1,8.7,9.1,9,8.1
94,1863,1,23-02-2021,9,9.8,9.3,8.9,8.6,9.1,8.4
95,1564,18,12-10-2020,8.8,8.7,8.8,8.7,9,8.6,9
96,665,16,13-12-2025,9.1,9.7,9.6,8.7,8.6,9.2,8.3
97,1795,10,30-07-2023,8.8,8.3,9.1,9.1,9.4,8.9,7.7
98,1560,2,23-03-2020,8.7,8.9,8.7,8.7,9.5,9.1,6.9
99,1339,13,16-09-2022,8.8,8.8,9.4,8.3,9,8.7,8.5
100,1022,14,01-03-2021,9.2,9.1,8.9,9.6,9.7,8.6,9.1
101,423,3,22-04-2025,8.9,9,9.6,7.9,9.4,8.6,8.5
102,1238,13,26-04-2024,9,9.4,8.5,8.8,9.2,9.4,8.9
103,83,1,29-09-2020,8.7,8.7,8.9,8.3,8.9,8.9,8.7
104,1755,3,14-12-2025,8.9,9.1,9.1,8.1,9.3,9.1,8.4
105,461,4,11-04-2023,8.9,9.5,8.9,8.6,9,9.1,7.9
106,578,5,17-06-2022,9,9.4,9.6,8.9,9.3,8.6,8.2
107,1331,1,17-04-2024,9.1,9,9.3,9.1,9.3,9.2,8.7
108,769,25,17-08-2025,8.9,8.4,9.3,8.9,9,9.3,8
109,497,6,12-02-2025,8.9,9,9.5,8.9,9.1,8.9,8.1
110,415,15,08-05-2023,9.2,8.9,9.4,9.3,9.5,9.1,9
111,1131,23,23-08-2025,8.7,8.2,8.6,8.5,8.8,9,9.2
112,1220,23,07-01-2025,9,9.7,8.6,9.3,8.3,9.2,8.6
113,897,16,11-07-2020,9,9,9.2,9.1,8.9,9.3,8.2
114,1840,2,14-04-2022,8.9,8.9,9.5,8.7,8.6,9.5,8.4
115,984,2,28-07-2020,9.1,8.9,9.2,9.6,9.2,9.1,8.4
116,1746,13,04-06-2020,8.7,8,8.6,8.5,9.2,9.2,8.2
117,335,17,09-01-2024,8.9,9,8.8,9.1,9.1,8.8,8.7
118,1021,3,19-04-2023,8.8,9.1,9.6,7.7,9.6,8.7,7.6
119,1791,3,30-09-2024,8.9,7.9,8.8,9.2,9.6,9.5,7.4
120,1021,6,04-07-2021,9.1,9.4,9.5,8.7,9.4,8.9,8.6
121,501,22,14-07-2021,9.1,8.9,9,9.2,10,9,8
122,1181,13,25-06-2025,8.9,9.4,8.7,8.4,9.4,8.3,8.9
123,1781,17,19-09-2020,9,9.1,8.6,8.6,9.1,9.4,9.1
124,536,14,04-06-2022,8.8,8.3,8.3,8.8,10,8.9,8.1
125,392,22,11-07-2020,9.2,10,8.8,9.3,8.8,8.9,9.2
126,1312,8,19-11-2023,8.6,9,8.8,8.1,9.1,8.3,8
127,4,24,27-08-2020,8.9,8.9,9,9.4,8.5,8.8,8.6
128,1202,21,15-06-2025,8.7,8.9,9.1,8.4,9,8.5,8.3
129,744,16,01-04-2022,8.9,9.9,9.4,8.6,8.7,8.5,7.9
130,1266,21,10-01-2022,9,8.1,9.1,9,9.9,9.3,7.6
131,1041,2,12-05-2023,9.1,9.4,9.5,9.2,8.5,9.4,8.2
132,575,19,29-07-2020,9.2,8.9,8.6,8.8,9.4,9.8,9.6
133,161,17,15-10-2021,9.1,9.5,9,9.6,8.7,9.2,8.6
134,521,24,12-04-2023,8.8,9.3,8.9,7.9,9.2,8.8,8.2
135,1390,10,14-04-2020,8.9,9,9.1,8.9,9.1,9.5,7.5
136,670,22,23-09-2025,9.3,9.6,9.4,9.8,8.9,9.1,8.8
137,1535,23,12-09-2025,8.9,9.5,9.3,8.8,8.5,8.8,8.6
138,110,10,21-02-2022,9.1,8.5,9.2,9.3,9.6,9.3,8.4
139,1943,17,07-04-2022,9.1,8.6,9,8.8,9.2,9.6,9.2
140,1698,22,23-09-2025,9.3,9.8,9.4,9,8.9,9.4,9.1
141,1163,2,13-11-2025,8.9,9.6,9.5,8.4,9.4,8.2,7.6
142,231,20,25-09-2020,9,9.6,9.6,8.6,9.1,8.4,8.6
143,1564,21,16-10-2021,8.9,9.1,8.4,9,9,9.2,8.6
144,193,5,15-06-2024,9.3,9.3,9.7,9.7,8.8,9.5,8.9
145,145,1,02-07-2021,8.9,9.3,8.4,9.4,9,8.8,8.2
146,1307,4,06-04-2022,9.1,9.3,9.8,8.6,9,9.4,8.5
147,50,7,04-03-2025,9,8.9,9.2,8.9,9.7,8.9,8.8
148,448,8,02-09-2024,8.7,7.9,8.5,9.2,9.2,8.9,8
149,1207,14,12-07-2021,8.9,8.8,8.4,9.2,9.9,9.2,7.5
150,1878,12,08-07-2021,8.9,9.3,8.5,8.7,8.7,9,8.9
151,1026,6,20-10-2023,9,9.5,9.3,8.6,9.9,8.3,8.2
152,1999,23,12-03-2025,8.8,8.6,8.4,8.8,9.1,9,8.4
153,1417,10,16-05-2020,9.2,10,8.8,9.4,8.9,9,8.8
154,509,7,03-04-2024,8.8,8.8,8.4,8.9,9.8,8.7,7.7
155,731,9,13-05-2021,8.9,9,8.6,8.4,8.7,9.4,9.1
156,1045,8,29-08-2022,8.9,8.9,8,9.2,9.3,9.2,8.2
157,216,22,01-08-2021,9.3,10,9.8,8.6,9.5,8.9,8.9
158,1555,17,01-04-2021,9.1,9.6,9.4,8.1,9.5,9.3,8.6
159,416,21,22-10-2021,8.9,8.7,8.3,9.4,9.4,9.3,7.7
160,230,11,05-12-2022,9.1,9.1,9.5,8.6,9.8,8.7,8.8
161,300,4,18-06-2024,8.8,8.6,8.7,8.4,8.2,9.9,8.8
162,1209,21,23-02-2023,8.8,8.7,9.1,8.9,9.1,9.3,7.5
163,197,23,24-12-2021,8.7,9.7,9,8.1,9,8.1,8
164,1572,23,28-08-2021,8.8,8.9,9.5,8.4,9.1,8.2,8.7
165,116,6,24-04-2020,9.1,9.1,8.7,8.9,9.9,9.3,8.5
166,1667,25,27-06-2025,8.9,8.2,9.1,8.8,9.6,9.1,8
167,1470,20,23-01-2021,9.2,9.7,9.1,8.9,9.5,9.2,8.5
168,1216,4,11-01-2024,9.2,9.8,8.9,9.6,8.7,9.6,8.3
169,1793,18,23-04-2021,8.8,9.5,9.1,7.7,9.4,8.2,8.2
170,45,25,24-04-2022,8.9,9.4,8.9,9,8.4,8.7,8.6
171,311,15,06-04-2024,8.9,8.6,9,8.3,9,9.7,8.5
172,973,7,26-05-2025,8.7,8.3,9,8.2,9.9,8.6,7.5
173,373,3,07-09-2021,9,8.4,9.4,8.2,9.2,10,8.8
174,1798,20,03-07-2021,9.1,9.7,9.1,9,8.9,9.2,8.7
175,1487,20,09-05-2021,9,9.2,9.5,8.6,9.2,9.2,8
176,86,5,05-07-2021,8.7,8.2,8.7,9.2,8.9,9,7.7
177,1501,15,13-05-2020,9.2,9.7,9.9,8.6,9.2,9,8.6
178,1401,6,27-08-2021,9,8.8,8.9,9.2,9.2,9.4,8.3
179,1113,18,19-06-2022,8.9,8.9,9.1,8.8,9.1,9,8.3
180,1217,3,11-07-2023,8.9,8,9,8.9,9.8,9,8
181,1422,15,17-12-2022,9.2,9.7,9.2,8.5,9.6,9.1,8.6
182,1068,7,20-06-2024,9,9.6,8.9,8.6,9.5,8.7,9
183,590,23,31-07-2021,8.8,8.8,8.3,8.3,9.4,9.3,8.1
184,700,19,19-03-2020,9.1,8.9,8.3,9,9,9.7,9.3
185,1844,10,29-03-2022,9,9.6,8.8,9.3,8.1,9.1,9.2
186,506,15,13-07-2023,9,9.6,9,8.3,9.8,8.9,7.9
187,727,24,24-06-2020,8.8,8.9,8.1,8.8,8.8,9.5,8.5
188,174,5,25-06-2022,9.2,9.2,9.4,9.6,9,9.6,8.7
189,724,17,29-01-2023,8.6,8.2,8.7,8.5,9.5,8.7,7.7
190,1444,10,28-11-2020,9.2,9.4,9.2,9.3,8.9,9,9.2
191,1679,16,12-07-2023,8.9,8.9,8.6,8.4,8.6,9.5,9.3
192,1904,14,16-03-2025,9,9.7,9.1,8.7,9.2,8.7,8.6
193,559,15,27-09-2023,8.9,8.9,9.6,8.6,9.7,8.7,7.8
194,467,12,16-03-2023,8.5,8,8.7,8.3,9.5,8.4,8
195,883,3,22-06-2020,8.9,8.8,9.3,8.1,9.6,8.8,8.5
196,97,25,08-05-2022,9.3,9.7,9.2,9.7,8.8,9.2,8.8
197,1575,13,03-12-2020,8.7,8.2,8.2,8.9,9.1,8.9,9
198,357,18,30-01-2021,9,9.6,9.1,9.1,8.7,8.8,8.7
199,510,15,09-01-2024,8.7,8.7,9.1,8.4,9.4,8.7,7.8
200,585,21,03-03-2021,8.8,9.3,9,7.8,9.7,8.6,7.9
201,368,21,10-01-2024,9.1,9.1,8.9,9,9.1,8.9,9.4
202,1063,19,23-04-2021,9.2,8.9,8.5,8.7,9.9,9.7,9.5
203,297,11,04-07-2020,9.1,8.9,9.2,8.8,9.9,8.9,8.7
204,705,6,14-06-2021,9.1,9.5,9.8,8.5,9.2,9.3,7.9
205,1676,11,03-09-2024,9.1,9.5,8.5,9.5,8.9,8.9,9.2
206,1556,14,04-03-2023,8.9,8.9,8.8,9.4,9.4,8.9,7.7
207,548,1,27-02-2024,9,9.2,8.5,9.4,9.3,9.1,8.2
208,1047,11,24-04-2024,9.2,9.6,9.7,8.6,9.5,8.8,8.8
209,174,3,22-08-2020,8.7,8.2,8.5,8.5,9.1,9,8.5
210,681,12,10-02-2021,8.9,9.1,9.3,8.4,9.2,8.4,8.5
211,1587,10,16-05-2020,9,9.4,9.7,8.3,8.5,9.1,8.6
212,1078,20,02-11-2022,8.9,8.9,9.7,8.2,9.7,8.4,8.3
213,1623,1,06-06-2020,8.8,9.1,8.3,8.2,9,9,8.9
214,737,22,21-03-2022,9,8.9,8.8,8.5,10,9.4,7.7
215,1165,20,29-08-2022,9.2,9.6,9.4,8.9,9,9.4,9.1
216,1472,23,19-01-2020,8.8,8.9,8.7,8.2,9.4,8.9,8.3
217,685,2,29-09-2024,9,9,9.1,8.3,9.6,9.7,8.5
218,1459,24,03-06-2023,8.4,8,8.5,8.3,9,9,7.3
219,1058,13,05-07-2022,9.1,9,9.3,9.4,9.1,9.2,8.8
220,1206,7,12-06-2024,9,9.3,9.1,8.6,9.4,8.4,9
221,1908,8,03-12-2024,8.8,9.7,8.8,8.2,8.9,8.3,8.6
222,609,10,25-05-2025,8.7,8.5,8.7,9.1,8.9,9.1,7.8
223,1024,2,18-06-2023,8.9,8.2,8.9,9.3,9.9,8.8,7.8
224,601,20,02-07-2020,8.9,8.3,8.4,9.4,9.2,9.2,8.2
225,71,20,01-12-2023,8.9,9.3,9.7,8.2,8.8,8.9,7.9
226,1206,23,29-06-2020,8.8,9.4,8.8,8.8,8.7,8.4,8.6
227,931,18,18-11-2025,8.7,9,8.6,8.6,8.8,8.9,8.5
228,1410,24,09-06-2021,8.7,9.1,8.4,9,8.6,8.4,8.9
229,1711,13,20-06-2024,9,9.7,8.5,9.4,8.8,9,8.2
230,1665,11,02-12-2025,9,9.1,9.4,8.7,9.8,8.3,8.2
231,1134,16,30-04-2022,9,9.5,9.2,8.3,9.4,8.5,8.6
232,877,1,18-02-2025,9,9.6,8.7,9.5,9.2,8.9,8
233,714,17,05-10-2024,9,8.8,9.4,8.8,9.2,9.2,8
234,332,22,10-07-2022,9.1,9.6,9.1,8.8,9.6,9,8.4
235,545,22,31-08-2021,9,9.1,9,8.9,9.7,9.1,8.3
236,802,12,26-04-2023,8.8,8.7,9,9,8.8,8.9,8.4
237,530,18,06-04-2022,8.9,8.5,8.7,9,9.8,8.8,7.9
238,665,20,05-07-2020,9.1,9.8,9.8,8.7,9.1,8.8,8
239,953,13,22-07-2024,8.8,8.8,8.9,8.7,8.9,8.7,8.9
240,792,3,17-06-2024,9,8.7,9.7,9.1,9.4,9.3,8.1
241,1596,9,27-09-2020,8.9,8.9,9.3,8.7,8.9,9.3,8.1
242,1272,10,17-06-2023,9,9.9,8.8,9.6,8.2,8.9,8.5
243,1391,23,02-05-2023,9,8.8,8.5,9,9.4,8.9,9.3
244,1257,19,17-05-2025,8.9,9.5,9.8,7.9,9.1,8.5,8.3
245,1506,1,04-07-2025,8.8,9,9.5,8.6,8.9,8.1,8.4
246,1206,17,26-05-2024,9.3,9.3,9.2,9.6,8.7,9.5,9.2
247,1762,12,14-02-2021,8.7,8.6,9.4,8.4,9.2,8.2,8
248,852,13,02-04-2024,8.9,9.5,9,8.8,8.5,8.5,8.7
249,1185,5,19-06-2020,9.2,9.8,9.8,9,9.4,8.5,8.2
250,828,25,12-08-2023,8.8,9,9.1,8,9.4,8.7,8.2
251,680,19,16-03-2022,9,9.4,9.7,7.9,9.1,8.5,8.9
252,1669,12,30-09-2023,8.8,9.5,9.2,8.4,8.6,8.6,8.1
253,897,10,28-12-2023,8.9,8.6,8.5,9.1,9,9.6,8.4
254,334,4,03-02-2024,8.9,9,8.7,8.8,9.4,9.5,7.3
255,285,7,14-04-2024,8.8,8.5,8.5,8.1,9.3,9.6,8.7
256,1815,23,14-07-2020,8.9,8.9,8.7,8.7,8.6,9.2,9.2
257,1017,12,15-12-2021,9,9.6,8.6,9,9.2,9.2,8.5
258,1759,1,26-05-2022,9,9.7,9.3,8.8,8.7,9.1,8.6
259,998,22,27-08-2022,8.9,8.6,8.8,9.1,9.3,8.7,8.4
260,1600,20,23-03-2025,9.1,8.8,8.5,8.7,9.3,9.6,9.5
261,1176,10,08-09-2024,9,9.9,8.7,9.3,8.6,9,8.6
262,507,16,20-12-2025,9,9.2,9.8,8.7,8.9,9.1,8.3
263,870,21,25-03-2025,8.7,8.9,9.3,8,9.2,8.2,8.4
264,1395,20,14-05-2020,8.9,8.4,8.4,8.9,9.5,9.3,9
265,1846,13,02-09-2022,8.7,8.2,8.4,8.8,9.6,8.7,7.7
266,1412,7,03-01-2023,8.9,9,8.6,9,9.3,8.8,9
267,942,17,14-05-2021,8.9,9.5,9.2,8.5,9.4,8.3,8.3
268,1277,23,31-08-2025,9.1,9.7,8.8,9.4,9,8.5,9
269,65,22,02-12-2024,9.3,9.4,8.7,8.8,9.3,9.8,9.7
270,213,3,20-11-2020,8.9,8.6,8.7,8.4,9.8,9.3,7.8
271,1711,4,23-02-2020,9,9.8,8.5,9.7,8.8,9,8.2
272,17,20,10-06-2020,9.1,9.7,8.8,9.5,9.2,9.3,8.3
273,1322,1,11-08-2021,9,9.2,9,9.1,9.5,8.8,8.5
274,841,19,28-05-2022,8.9,9,8.4,9,10,9,7.6
275,443,21,31-05-2022,8.7,8.6,8.8,8.8,9.1,9,7.5
276,1264,6,26-09-2020,9.3,9.6,9.5,8.8,9.6,9.3,8.6
277,1571,24,31-12-2024,8.6,7.8,8.2,8.8,9.3,9.1,7.8
278,1857,10,06-02-2020,9,9.1,8.5,9.3,8.4,9.3,9.3
279,1495,22,03-08-2023,9.2,9.1,9.4,9.6,8.9,9,9.4
280,1310,3,28-05-2025,9,8.4,9.1,8.4,9.4,9.7,8.6
281,510,3,05-01-2021,8.9,8.7,9.1,9,9.6,9.2,7.1
282,1956,13,25-05-2020,8.9,8.6,8.6,9,9.8,8.8,7.8
283,1044,24,16-05-2025,8.7,9.1,9.4,8.1,9.3,8.2,7.9
284,492,3,13-12-2025,9.1,8.9,9.7,9.4,9.3,9.6,8
285,953,1,11-05-2025,8.8,9.2,8.5,9.2,9.5,8.5,8
286,1971,2,16-03-2022,9.1,9.4,9,9.6,9.3,8.9,8.1
287,208,8,26-07-2024,8.8,9,9,8.7,8.9,8.8,8.4
288,677,14,17-06-2024,9,9.2,9.3,8.1,9.4,9,8.8
289,925,1,18-03-2023,9,9.3,9.4,8.3,9.3,8.7,8.4
290,1440,23,29-04-2021,9,9.7,9.6,7.7,9.1,8.7,8.8
291,1011,22,20-05-2020,9.2,9.3,9,8.4,9.2,9.7,9.5
292,1138,23,28-03-2025,8.8,9.1,9,8.3,8.6,8.9,8.7
293,1784,5,24-12-2024,9.1,9,9.2,10,9.1,9.1,8.4
294,390,13,11-05-2022,8.5,8.2,8.4,8.7,9,8.9,7.6
295,1887,13,27-01-2025,8.9,8.9,9.2,8.5,9.2,9,8.2
296,518,1,09-02-2024,8.9,9.6,8.4,9.1,9.1,9,8.3
297,31,2,25-04-2024,8.9,9,8.6,8.3,9.1,9.4,8.6
298,568,5,26-08-2023,9,8.6,9.1,9.7,9.2,8.9,7.7
299,1074,19,12-03-2022,9.2,9.7,8.8,9.7,9,9,9
300,1381,11,26-10-2020,9.2,9.5,9.1,9.7,9.3,9.2,8.4
301,1657,16,15-05-2021,9.1,9.8,9.4,8.3,9.2,9.2,8.5
302,857,17,10-11-2025,8.9,8.8,9.3,8.6,9.7,8.9,7.6
303,1363,22,19-06-2022,8.8,8.6,8.6,8.7,9.6,9,7.6
304,1114,24,27-06-2021,9,9.2,8.7,8.8,9,9.1,9.1
305,618,2,07-07-2024,9,9.1,9.4,8.8,9.3,9,8.2
306,480,5,06-07-2023,9,8.9,9.3,8.9,9.2,9.1,8.7
307,295,13,11-04-2022,9,9.5,9.5,8.4,9.2,8.8,8.3
308,1249,2,15-03-2023,8.8,8.7,8.6,8.4,9,9.7,8.3
309,854,2,17-07-2022,8.9,9.4,9,8.5,9.2,9.2,8
310,971,2,20-03-2020,8.9,8,9,9.2,9.8,9.4,7.1
311,990,15,29-02-2020,9.2,8.9,9.2,8.7,9.7,9.8,8.9
312,1468,21,11-04-2020,8.9,9.1,9.2,7.8,9.4,8.6,8.8
313,690,1,24-01-2025,8.8,9.1,8.8,8.9,9,8.2,8.7
314,1680,13,04-04-2021,8.7,9.1,8.9,8.1,9.6,8.3,8
315,994,1,15-11-2021,8.8,9.1,9.2,9,8.9,8.6,7.9
316,1769,19,20-09-2023,9.1,8.8,9,9.3,9.8,9.1,8.2
317,198,8,31-10-2023,8.9,8.9,8.9,9.1,8.9,8.9,8.5
318,959,3,11-09-2021,8.9,8.7,9.1,8.7,9.3,9.2,7.7
319,624,6,15-08-2020,9.3,9.7,9.8,8.8,9.8,9.2,8.4
320,1280,2,15-05-2024,8.7,9,8.7,8.8,8.8,9.2,7.9
321,1391,5,12-03-2021,9.1,8.8,9,9.5,8.7,10,8.8
322,621,18,17-06-2022,8.8,9.3,8.9,8.1,9,8.7,8.4
323,1278,6,17-06-2023,8.8,9.2,9,8.2,9.2,8.7,8
324,711,8,21-06-2024,9,8.8,8.4,8.5,9.6,9.2,9.1
325,343,19,29-02-2020,9,9.2,9.1,9.6,8.9,8.6,8.5
326,948,21,11-10-2023,8.8,8.5,8.3,8.6,9.5,9.4,8.6
327,699,16,03-06-2022,9.2,9.5,9.1,9.2,8.3,9.7,9.1
328,1844,21,01-12-2023,9,9.8,8.7,8.7,8.6,9.2,8.9
329,136,4,03-10-2022,8.9,10,9.4,8.2,8.3,8.8,8.4
330,549,23,19-08-2023,8.8,9.3,9,8.1,8.8,8.7,8.4
331,362,10,24-01-2023,8.8,8.6,8.9,8.7,9.3,8.7,8.4
332,658,9,12-10-2021,8.8,8.6,8.7,8.7,9.7,8.7,7.6
333,1124,19,13-04-2022,9.2,9.2,9.9,8.8,9.2,9.1,8.5
334,713,14,15-05-2020,9.1,9.1,8.6,8.8,9.6,8.9,9.3
335,1447,7,18-06-2024,8.9,8.4,8.9,8.4,10,9.4,7.7
336,324,18,20-04-2024,8.8,9.5,9.4,7.9,9.3,8.7,7.8
337,1039,16,12-08-2025,9.2,9.1,9.1,9.7,8.5,9.5,8.9
338,370,6,09-07-2024,9,8.7,8.3,9,9.4,9.5,8.8
339,338,16,10-05-2021,9.2,9.9,10,8.3,9.4,9,8.1
340,1329,18,02-06-2020,8.7,9.6,8.8,8.6,8.5,8.3,8.4
341,907,23,02-07-2020,8.8,9.2,9,8,8.8,8.9,8.7
342,943,6,10-06-2024,9.1,9.4,9,9.5,8.8,9.3,8.7
343,1975,2,14-06-2020,8.7,8.5,8.8,8.7,9.1,9.1,7.7
344,1378,23,21-09-2020,8.6,7.9,8.9,8.4,9.6,8.4,8
345,1290,3,07-10-2025,9,8.8,9,9.1,9.3,9.3,8.4
346,1014,5,11-04-2020,8.9,9.1,9.3,9.1,8.6,8.6,8.5
347,372,9,15-07-2025,9.1,9.4,9,8.9,9.4,9.2,8.7
348,1742,6,07-10-2024,9,8.4,8.9,9.5,9.9,8.9,8
349,687,8,19-08-2021,8.8,9.4,8.7,8.1,9.8,8.3,8.4
350,324,9,09-06-2025,8.8,9.7,9.1,8.1,8.6,8.6,8.4
351,748,4,08-06-2023,8.9,8.9,9.2,9.3,8.9,9.1,7.3
352,1435,13,18-07-2020,8.7,8.8,9,8,8.7,9.2,8.7
353,643,15,10-03-2020,8.8,8.8,8.8,8.5,9.2,9.4,7.8
354,152,4,29-04-2022,9.3,10,9.4,10,8.7,9.3,8.4
355,1439,12,06-03-2021,8.8,8.9,9.3,7.7,9.3,8.9,8.3
356,308,22,21-06-2020,9.1,9.6,9.1,8.9,9.1,9.3,8.5
357,1238,23,25-05-2021,9,9.2,8.8,9.2,9,8.4,9.3
358,1245,13,18-05-2020,8.8,9.4,9.2,8.5,8.6,8.4,8.4
359,1699,6,16-05-2024,9,9,8.6,8.5,9.9,9.1,8.6
360,1121,1,23-10-2020,8.8,8.7,8.9,8.9,9.3,8.9,8.2
361,187,4,16-09-2025,8.9,9.4,8.8,9.5,8.1,9.5,8.1
362,1607,18,15-01-2022,8.8,9.4,9.4,8.3,9.1,8.3,7.9
363,1899,10,20-12-2022,8.9,9.8,9.4,8.6,8.6,8.8,8.1
364,241,6,26-01-2022,9,9.3,8.7,10,8.9,8.7,8.4
365,427,12,08-05-2021,8.7,8.4,8.4,9,8.9,9.1,7.7
366,990,9,31-05-2025,9.1,8.8,9.2,8.5,9.6,9.4,9.2
367,1241,19,09-05-2022,9.1,9.5,8.6,9.5,8.9,9.1,8.9
368,1052,2,14-09-2024,8.8,8.6,8.9,8.6,9.3,9.4,8.2
369,1310,10,17-07-2020,9.2,9.5,9.2,9.1,8.9,9.4,8.9
370,408,25,26-06-2023,9,9.3,9.7,8.9,8.5,9,8.5
371,920,12,27-07-2022,9.1,9.6,8.7,9.3,9.1,8.9,9.1
372,311,24,12-07-2021,8.8,8.1,8.7,8.5,9.1,9.5,8.9
373,1854,1,26-04-2022,8.9,9,9.2,8.6,9.6,8.9,7.6
374,456,13,08-09-2025,8.8,9.1,8.6,8.7,9.1,8.4,9.1
375,388,14,16-05-2025,9.2,9.8,8.9,9.2,9.5,8.8,9.1
376,103,10,04-05-2024,9,8.7,8.8,8.9,9.2,9.6,8.7
377,764,24,17-07-2020,8.9,8.7,8.7,8.2,9.1,9.4,9.1
378,1219,11,03-03-2025,9.1,8.5,9.1,9.2,9,9.7,8.9
379,515,4,30-04-2020,9,10,9.5,8.7,8.7,8.9,7.9
380,821,17,08-01-2025,9.2,9.3,9,9.4,8.5,9.4,9.2
381,1447,6,08-06-2024,8.9,8.1,8.9,9.3,10,9.2,7.3
382,43,3,21-03-2023,8.9,9.4,8.9,9.3,8.7,9.3,7.9
383,1120,2,04-07-2021,8.8,9.8,9.2,8.5,8.9,8.2,8.1
384,1955,18,13-08-2025,8.7,8.5,8.8,8,8.9,9.1,8.6
385,1593,5,24-07-2020,8.9,8.6,8.8,9.7,8.9,9.2,7.9
386,436,4,29-11-2023,9,9.3,8.4,9.3,8.4,10,8.5
387,955,17,19-03-2021,9,9.4,9.7,8.7,8.6,8.3,8.8
388,1338,3,29-10-2021,8.9,8.7,9,8.8,9.2,9,8.6
389,1058,12,21-10-2020,9.2,9.4,9.4,9.3,8.6,9.2,9
390,1838,6,29-01-2020,9.1,8.4,8.8,9.1,9.2,9.8,9.2
391,1923,17,19-11-2024,9,8.6,8.5,8.4,9.1,9.8,9.3
392,40,15,01-12-2024,8.9,9.1,8.4,8.4,9.4,9.3,8.8
393,494,23,02-04-2020,8.8,9.5,9.3,7.9,9.1,8.5,8.2
394,1651,1,11-01-2021,8.7,8.4,8.7,8.8,9.5,8.8,7.5
395,308,12,26-03-2021,8.7,8.8,8.7,8.7,8.8,8.6,8.7
396,757,24,22-11-2022,8.6,8.1,8.9,8.6,8.9,8.6,7.9
397,1719,23,26-04-2023,8.8,8.8,8.7,9.1,9.4,8.9,7.7
398,1508,6,19-03-2020,8.8,8.7,8.6,8.9,9.5,8.6,7.9
399,1573,1,14-08-2024,9,9.5,8.6,9.7,9.2,9.1,7.9
400,1842,3,23-02-2025,9,8.8,9.3,8.1,9.7,9.7,8.3
401,1769,11,05-05-2023,9,8.7,9,9.2,10,8.7,7.6
402,1115,20,19-07-2021,9.2,9.6,9.4,9.5,8.6,9,9
403,1369,11,09-02-2021,9,8.4,8.8,9.2,9.3,9.2,8.5
404,1106,24,25-01-2025,8.7,9.1,9.2,8.4,8.7,8.5,8.2
405,922,23,10-08-2025,8.8,8.9,9.7,7.9,8.8,8.4,8.5
406,881,7,01-01-2024,9,9.6,8.7,8.6,9.1,9.4,8.4
407,1734,24,20-04-2021,8.3,8.1,7.9,8.5,9,8.2,7.7
408,1642,1,11-03-2022,8.8,9.2,8.6,9,9.5,8.4,8.2
409,1688,8,10-04-2024,8.9,9.5,8.6,8.6,8.9,8.8,8.8
410,1833,12,10-03-2025,9,9.4,9.5,8.1,9.4,8.7,8.5
411,963,22,01-06-2024,9.1,9,8.9,8.6,9.4,9.6,9
412,1073,25,10-04-2025,9,8.1,9,9.4,9.6,9.5,7.5
413,216,10,24-04-2023,9.2,9.8,9.3,8.5,8.9,9.2,9
414,93,1,22-06-2023,8.8,9.1,8.9,8.3,9.5,8.7,8.2
415,602,12,23-04-2020,8.5,8.6,9,8.1,8.8,8.2,7.9
416,1958,9,05-06-2025,9,9.8,9.2,8.1,9.3,8.9,8.2
417,886,8,11-09-2021,9,9.1,9.5,8.1,9.4,8.6,8.9
418,687,11,17-08-2024,8.9,8.9,9.6,8.3,9,8.7,8.9
419,1951,12,07-06-2025,8.6,7.7,8.3,8.9,9.3,8.9,7.8
420,825,24,29-06-2022,8.7,8.8,8,8.8,8.8,9.5,8.4
421,501,3,05-05-2023,8.9,7.8,9.3,9.2,9.6,9.4,7
422,1222,9,02-06-2021,9.1,9.5,9.1,9,8.8,9.3,9.1
423,1600,18,17-06-2022,8.9,9,8.2,8.6,9.3,9,9.1
424,614,8,13-12-2024,9,9.3,9.3,8.4,9.8,8.5,8.7
425,513,24,12-07-2020,9,8.6,8.8,9.3,8.9,9.1,9.1
426,190,21,11-06-2023,9.3,9.8,9.4,9,9.3,9.4,8.8
427,1818,16,02-09-2023,9.1,9.2,9.2,9.4,8.5,9.4,8.6
428,1857,10,05-07-2025,9,9,8.7,9.1,8.4,9.3,9.4
429,1397,12,05-03-2024,8.5,8.7,8.8,7.6,9.3,8.1,8.4
430,1879,8,14-05-2023,8.9,8.2,8.6,8.5,9.7,9.4,8.9
431,1166,15,05-08-2022,8.9,9.1,9,8.9,8.8,9,8.6
432,1799,16,05-08-2020,9.1,9.4,9.1,8.5,9,9.4,9.2
433,1194,17,04-10-2022,9,9.1,9.3,8.9,8.7,9.2,8.8
434,1278,25,08-06-2020,9,9.9,9.3,8.1,9,8.7,8.8
435,1520,25,05-10-2023,8.9,9,9.2,8.6,8.9,8.7,9
436,1276,10,07-08-2025,9,8.8,8.7,9.4,9,9.6,8.4
437,684,24,09-08-2022,8.5,8.1,8.1,8.1,8.7,9.1,8.7
438,1134,9,10-07-2022,9.1,9.8,9.8,8.3,8.8,8.5,8.9
439,912,17,29-07-2021,8.9,8.1,8.5,9.2,9.7,9.4,7.5
440,1950,11,14-04-2021,9.2,9.1,8.4,8.4,9.9,9.5,9.6
441,947,13,25-05-2021,9,9.6,8.6,9,8.8,8.8,9.1
442,1370,2,11-03-2021,8.9,8.9,9.1,8.8,8.7,9.3,8.3
443,797,14,14-12-2024,9,9.7,9.3,8.2,9.7,8.7,8.2
444,1044,24,04-09-2023,8.8,9.5,8.8,8.4,9.4,8.2,8.1
445,1266,5,28-08-2023,8.8,8.2,9,9.2,9.5,8.9,7.6
446,1020,23,28-11-2024,8.8,8.5,8.2,8.5,8.8,9.4,9.4
447,1213,11,04-08-2021,9.1,8.5,8.2,9.1,9.4,9.4,9.5
448,707,6,05-06-2024,9,9.5,9.2,9.4,8.7,8.7,8.4
449,1531,12,15-12-2024,8.8,8.3,8.9,8.2,9.5,9.3,8.7
450,159,9,30-01-2023,8.8,8.6,9.2,8.8,8.9,9.2,7.5
451,394,12,18-09-2022,8.8,8.9,8.7,8.3,9.3,8.6,9
452,1875,17,10-11-2021,9,9.9,9,8.9,8.9,9,8.5
453,298,16,09-07-2020,9.2,10,9.1,9.4,8.6,9.2,8.8
454,894,9,29-01-2022,8.8,9.2,9,8.3,8.9,8.8,8.3
455,238,3,09-12-2025,8.9,9.1,9.6,8.1,9.6,8.9,7.6
456,1028,3,24-12-2023,9,8.7,9.4,8.3,9,9.3,9.1
457,1546,22,14-05-2022,8.9,8.9,8.6,8.7,9.6,9.2,8.2
458,1461,24,25-04-2021,8.8,9.3,9.1,8.8,8.6,8.6,8.1
459,1496,19,25-03-2022,9.2,9.9,9.1,8.3,9.7,9.1,8.7
460,1008,18,19-11-2025,8.5,7.9,8.4,8.7,9.2,8.5,7.7
461,1582,8,28-01-2023,8.7,8,8.3,9.2,9.9,8.4,7.4
462,1802,21,02-08-2024,9,8.9,9.1,9.5,8.7,9.1,8.9
463,1372,5,20-05-2023,9.1,8.8,9.3,9.5,9.5,9.2,7.9
464,1145,5,30-07-2024,8.9,8.7,8.8,8.8,8.5,9.7,9
465,1984,1,30-06-2022,8.9,8.8,8.8,8.5,10,9,7.6
466,838,21,13-05-2023,9,8.3,8.9,8.6,9.1,9.7,9.3
467,143,5,19-07-2022,9.1,9.9,9.1,9.3,9.1,8.9,8.3
468,1,17,09-02-2021,9,8.8,9.3,8.7,8.5,9.5,8.9
469,478,24,13-06-2022,8.6,8.3,8.5,8.6,8.8,8.7,8.4
470,650,19,22-05-2024,9,8.4,9.2,9.3,10,8.6,8.3
471,1444,3,26-06-2022,9,9.5,9.3,9.3,8.8,8.7,8
472,1421,6,24-09-2022,8.7,8.4,8.7,9.1,9.3,8.9,7.5
473,1249,9,14-11-2025,9,8.7,9.2,9,9.4,9,8.8
474,222,1,23-06-2024,8.9,9.1,8.8,8.8,9.3,9.3,8.1
475,1294,2,02-05-2020,9.1,8.9,8.7,8.7,9.5,9.7,8.9
476,240,22,14-03-2020,8.8,8.7,8.8,8.5,9.7,8.7,8.4
477,1909,11,19-07-2024,9.2,8.8,8.9,9.3,9.3,9.2,9.4
478,1645,19,22-07-2023,9.2,9.6,8.7,9.1,9.5,9.4,8.7
479,834,25,03-06-2021,8.9,9.4,8.6,8.3,9.1,9.1,8.9
480,233,23,03-08-2021,8.7,8.4,8.9,8.7,8.9,9.2,7.5
481,1567,15,02-08-2022,9,8.3,9.2,8.9,9.6,9.2,9
482,248,15,24-07-2021,8.9,8.8,9.4,8.1,9,9.2,8.6
483,776,5,27-04-2023,9.1,9.9,9.6,8.6,8.9,8.9,8.1
484,1021,16,11-04-2024,9.1,9.7,10,8.1,9.3,8.5,8.2
485,470,23,09-08-2022,8.8,9.6,8.9,8.2,8.8,8.9,8.4
486,1449,19,15-11-2025,9.3,9.9,8.7,9.7,9.6,9.1,8.8
487,41,9,10-02-2025,9.1,9.3,8.7,8.8,9.3,9,9.4
488,252,20,04-06-2023,9.1,9,8.7,9.6,9,9.3,9.2
489,1849,17,21-05-2025,9.1,9.3,9.4,9,8.7,9.3,9.1
490,1613,7,14-09-2025,8.7,8.7,8.7,8.3,10,8.5,7.2
491,60,19,22-06-2024,9.1,9.1,8.8,8.2,9.5,9.6,9.2
492,121,25,28-04-2024,9,9.3,8.5,9,9,9.2,8.8
493,1756,22,08-09-2023,9,9.2,8.4,8.5,9.5,9.1,9.1
494,1445,13,26-06-2022,8.8,8.7,8.7,8.9,9,9.3,8
495,1357,17,25-01-2021,9,8.9,9.9,8.1,9.4,9.1,8.3
496,301,17,12-08-2020,9.2,9,9,9.1,9.5,9.1,9.3
497,1900,3,08-03-2020,9,9.2,9.2,8.9,8.8,8.9,8.7
498,43,1,02-05-2023,9,8.9,9,9.6,9.3,8.5,8.6
499,1224,20,23-05-2022,9.2,8.9,9,9.6,9.1,9.2,9.1
500,1509,20,16-05-2023,8.9,8.1,9.1,9.5,9.5,8.7,7.8
501,1313,13,06-06-2021,8.7,8.6,8.5,8.8,9.5,8.8,7.7
502,1866,2,26-10-2024,8.9,8.2,9.2,8.2,9.7,9.5,8.2
503,1382,15,16-12-2025,9.1,9.7,9.8,8,8.9,9.1,8.6
504,1732,12,21-07-2021,8.8,8.4,8.7,8.6,8.7,9.3,8.7
505,1610,5,07-09-2022,9.2,9.7,9.6,9.2,8.9,9.1,8.2
506,1734,12,21-03-2024,8.6,8.6,9,8.3,9.1,8.4,8
507,177,23,10-01-2022,9.2,9.6,9.1,9.1,9.1,9,9
508,1938,17,11-07-2020,8.8,8.8,8.5,8.9,9.8,8.6,7.5
509,1413,14,11-05-2020,8.9,9.3,9.5,8.5,9.1,8.6,8.1
510,210,23,14-08-2021,8.8,8.9,8.8,8.5,9,8.7,8.8
511,1322,13,15-08-2024,8.8,8.8,8.7,8,8.8,9.2,9
512,1658,4,19-09-2024,8.9,8.6,8.9,9.3,9,9.5,7.2
513,1467,12,09-12-2020,8.9,8.8,9.3,9.1,8.7,8.8,8.9
514,1149,23,16-08-2020,8.6,8.1,8.5,8.8,8.9,9.1,7.8
515,1626,18,10-03-2020,9,9.4,8.7,9.4,8.8,8.6,9.1
516,596,16,31-05-2024,9.1,10,9.3,8.3,9,9.1,8.5
517,515,2,16-12-2023,8.8,9.3,9.6,8.2,8.9,8.6,8.1
518,1008,9,10-08-2020,8.8,8.3,9.3,9.1,9.2,8.6,7.7
519,1359,21,26-04-2021,9.1,9.6,9.4,8.7,8.9,9.1,8.6
520,1034,12,04-06-2020,8.8,8.3,9.1,8,9.1,8.9,9.2
521,1804,10,05-10-2024,8.9,9.3,9.1,9.3,8.3,8.9,8.5
522,1207,8,23-05-2020,8.6,8,8.4,8.9,9.2,8.8,7.8
523,1564,14,17-06-2020,9.2,8.7,8.8,8.2,10,9.7,9.5
524,1671,25,16-08-2023,9.2,9.6,9.3,9.4,9.1,9.1,8.8
525,8,20,14-06-2025,9,9.6,9.3,8.4,9.3,8.3,8.9
526,1849,14,18-07-2021,9.1,9.9,9.1,8.8,9.1,9,8.5
527,137,15,28-06-2024,9.1,9.4,9.1,9.4,9.4,9,8.3
528,790,6,30-08-2024,9.3,9.9,9.8,9,9.8,8.5,8.3
529,882,11,25-07-2020,9.2,8.7,8.9,8.8,9.7,9.4,9.3
530,1204,6,17-08-2022,9.1,9.3,9.9,8.2,10,9.1,7.9
531,1609,23,11-12-2020,8.7,8.3,8.2,8.3,8.8,9.1,9.2
532,1818,19,24-04-2020,9.1,9.6,8.7,9.2,9.4,8.9,8.9
533,1908,5,26-08-2023,9.1,9.2,10,9,8.7,9.3,7.9
534,571,24,14-09-2023,8.6,8.4,8.6,8.5,9.2,8.9,7.2
535,355,10,23-07-2022,9.1,9.2,9,8.4,8.8,9.7,9.5
536,1352,8,21-09-2021,8.9,8.8,8.9,8.4,9.4,9.3,8.2
537,885,17,22-04-2024,8.8,8.2,8.9,9,9.1,9,8.2
538,1473,13,15-10-2025,8.6,9.6,8.7,7.8,8.9,8.4,7.9
539,1958,25,28-08-2023,9,9.9,9.5,8.2,8.8,8.4,8.7
540,1306,16,22-06-2020,9.1,9.4,9.8,9,8.6,9.1,8.5
541,561,25,15-08-2024,9.2,9.9,9.6,8.5,9.1,9,8.7
542,1045,16,24-12-2020,8.9,8.5,8.7,9,9.4,9.4,7.8
543,1565,15,18-05-2022,8.8,9.2,9.2,7.9,9.2,8.8,8.4
544,1074,10,25-06-2025,9.4,9.8,9.3,9.8,8.9,9.4,8.9
545,1004,3,07-09-2021,8.7,7.9,9.2,8.4,9.9,9.1,7
546,55,5,19-08-2025,8.9,8.9,9,9,9.1,9.5,7.7
547,856,7,28-05-2024,9,9.4,8.9,9,9.6,8.7,8.3
548,835,12,01-10-2021,8.9,9.5,9.1,8.9,8.5,8.4,9
549,1975,6,21-08-2023,9,8.3,8.4,9.7,9.9,9.1,7.7
550,1999,13,07-01-2020,8.7,8.3,8.2,8.9,9.3,9,8.3
551,772,8,09-04-2021,8.9,9.1,9,8.4,9.8,8.4,8.6
552,984,12,20-03-2023,8.6,8.7,8.8,8.9,8.5,8.4,8.4
553,982,9,07-06-2020,8.9,8.1,9.3,8.6,9.7,9.1,7.8
554,942,22,07-07-2025,9.2,9.5,9.4,8.2,9.6,9.2,8.8
555,1708,4,19-09-2024,9,9.7,9.3,8.3,8.8,8.9,8.6
556,475,4,04-04-2023,9.3,10,9.1,9.2,8.8,9.4,8.9
557,1840,20,12-12-2023,9.3,9.6,9.4,9.7,8.9,9.4,8.9
558,944,1,30-12-2025,8.8,9.4,9.1,9.1,8.7,8.3,7.8
559,318,10,09-09-2023,9.1,9.9,9.4,8.1,8.9,8.9,9
560,720,8,08-07-2021,8.8,9.4,8.8,8.6,9.1,8.4,8.1
561,984,21,04-06-2022,9.1,9.8,9.3,8.7,9.1,8.7,8.7
562,1167,9,26-02-2020,8.8,8.9,8.4,8.6,9.4,9.4,7.4
563,1500,7,11-01-2025,8.9,8.8,8.5,9.3,9.2,9.2,8.3
564,1803,12,12-02-2021,8.8,8.2,8.2,8.9,9.7,9.2,7.8
565,1189,1,01-02-2021,8.5,8.6,8.2,8.2,9.3,8.6,8.2
566,664,8,24-02-2022,9,9,9.4,8.2,9.8,8.7,8.8
567,1770,1,06-11-2024,9.1,8.9,8.7,9,9.7,9.2,8.8
568,606,24,27-09-2025,8.6,8.6,8.6,8.4,9.7,8.3,7.9
569,1674,20,12-04-2023,8.8,8.6,8.5,8.9,8.8,9,9.1
570,1899,4,07-08-2023,8.9,9.9,9.1,8.4,8.4,8.9,8.4
571,1289,17,26-04-2025,8.8,8.8,9,8.6,9.3,9,7.6
572,702,7,28-09-2025,9.1,9.4,9.6,8.5,9.6,9.1,8.1
573,1224,1,14-07-2021,8.8,9.7,8.7,8.9,8.7,8.4,8.3
574,738,7,15-10-2023,9.1,9.4,9.7,8.2,10,8.2,8.6
575,625,14,24-03-2023,9,9.3,8.6,9.5,8.8,9,8.9
576,1809,7,10-11-2021,9,9.5,9.5,8.3,9.5,8.6,8.1
577,849,14,16-04-2021,8.9,9,9.1,8.2,9.6,8.6,8.7
578,697,9,09-06-2020,8.8,8.7,8.7,9.5,9,9.1,7.5
579,77,10,16-12-2025,8.9,9.1,9.1,9,8.1,8.7,9.1
580,1853,8,21-12-2021,9,9,8.9,9.5,9.1,9,8.3
581,1410,19,02-03-2021,8.9,9.3,8.6,9,9.2,8.9,8.5
582,179,20,26-11-2023,9.2,9.8,9.5,8.9,9.1,8.9,8.5
583,866,25,24-05-2025,9,9.3,8.9,9.5,8.9,8.6,8.4
584,1554,7,09-01-2024,8.8,8.3,8.3,8.8,9.4,9.2,8.6
585,895,8,22-08-2021,8.6,8.2,8.9,8.4,9.3,8.4,8.3
586,425,16,19-07-2023,8.9,8.8,8.7,9.1,8.6,9.8,8.6
587,1693,17,02-07-2020,8.9,8.5,8.9,8.3,8.6,9.6,9.1
588,270,10,10-11-2022,9.1,9.5,9,9.2,8.5,9.2,9.2
589,1402,6,07-06-2023,8.8,8.2,8.7,8.8,9.4,9.3,7.5
590,271,16,19-04-2024,9.2,9.9,8.9,9.3,8.7,9.6,8.8
591,183,13,08-02-2024,8.8,9.7,8.9,7.9,9.2,8.9,8.1
592,1684,24,24-08-2020,8.6,8.9,9,8.1,8.8,8.4,8.3
593,1978,19,10-11-2020,8.9,8.7,8.8,8.3,9.1,9.1,9.3
594,310,24,11-03-2025,8.6,8.3,7.9,8.4,9.2,9.4,8.4
595,1693,6,10-07-2025,9,8.4,8.4,9.4,9.5,9.6,8.6
596,155,4,05-05-2025,9,9.5,9,8.6,9,9.4,8.2
597,1934,8,18-01-2024,8.8,9.6,9.4,7.9,8.9,8.1,8.1
598,486,20,16-10-2025,8.9,8.4,8.8,8.8,9.6,9.6,7.9
599,1188,6,23-06-2022,9,9.4,9.4,8.5,9.1,8.6,8.4
600,919,8,30-09-2023,8.9,9.1,9.1,8.4,9.6,8.3,8.6
601,611,3,08-08-2022,9,9.3,8.9,9.5,9,9,8.4
602,877,22,08-11-2024,9.2,10,8.6,9.2,8.9,9.1,9
603,1791,24,01-09-2025,8.6,8.4,8.6,8.5,9.5,8.7,7.7
604,973,20,20-07-2023,8.9,8.3,9.1,9.2,9.5,9.1,7.7
605,194,16,27-08-2023,8.9,8.5,8.6,8.5,9.1,9.9,8.6
606,453,12,18-05-2024,8.7,9.4,8.8,8.3,8.8,8.5,8.1
607,785,5,22-08-2020,9,9.1,9.7,9.8,8.2,8.8,8.2
608,1003,10,07-04-2024,8.9,9.3,9.3,8.2,8.6,8.8,8.9
609,334,6,22-12-2022,8.9,9,8.3,9.2,9.7,8.8,7.6
610,693,16,14-11-2023,9.3,10,9.4,9.8,8.4,9,8.7
611,1128,15,23-01-2022,9,9.6,9.2,8.3,9.5,9.2,7.8
612,446,7,16-05-2025,9,9,8.6,9,9.1,9.2,9.1
613,1639,19,24-02-2021,9.2,9.8,8.9,9.5,8.9,8.8,9.1
614,1499,14,24-07-2021,9.1,8.6,8.8,9.1,9.3,9.6,9.1
615,1392,18,04-11-2022,8.7,8.2,8.8,8.1,9.2,8.6,9
616,765,25,05-07-2024,9.1,9.6,9.6,8.7,9,8.9,8.5
617,1182,10,07-02-2023,9,9.1,9.3,8.4,8.8,9.7,8.9
618,756,5,09-06-2021,9.1,9.4,9.2,9.1,8.9,9.4,8.5
619,1668,14,15-11-2022,9.1,9.8,9.6,8.4,9.2,8.5,8.5
620,1026,11,21-05-2020,9.2,9.7,9.6,8.5,9.3,8.9,9.1
621,416,6,15-08-2025,9,8.5,9.2,9.4,9.4,9,8
622,1885,2,14-03-2023,8.9,8.5,9.2,8.1,9.6,9.8,8.1
623,1048,19,11-09-2025,8.8,8.2,8.9,8.6,9.7,8.5,8.4
624,1637,1,27-10-2023,8.9,9.4,9.6,8.1,9.8,8.3,7.7
625,965,18,05-04-2023,8.5,8.7,8.7,7.8,8.9,8.3,8.2
626,1692,16,08-08-2023,9,9.3,9.1,9.2,8.8,9.3,8.6
627,468,25,13-06-2023,9.1,9.5,9,9.1,8.2,9.5,9
628,1399,18,13-06-2024,8.6,8.8,9,7.7,8.9,8.5,8.7
629,1015,4,12-03-2022,8.9,10,8.9,8.9,8.3,9.5,7.7
630,312,24,14-05-2020,8.7,9.3,9.4,8.1,9,8.2,7.9
631,1700,25,11-12-2024,9.1,9.4,9.8,8.4,9.1,8.8,8.6
632,1940,21,14-10-2022,8.9,8.9,9.7,7.9,9.1,8.7,8.8
633,340,9,29-07-2025,8.8,8.7,8.4,8.7,9.5,8.8,8.1
634,1795,3,16-04-2023,8.8,8.1,8.7,8.5,9.9,9.2,7.5
635,540,9,14-06-2023,9.1,9.5,8.9,9.1,8.8,9.5,9
636,1813,1,16-09-2025,8.9,9.2,8.2,8.9,8.9,9.2,9
637,209,14,04-01-2022,8.9,9,8.9,7.8,9.6,8.9,8.8
638,1677,18,08-03-2020,8.9,9.6,8.6,9.3,8.8,8.9,8.3
639,1524,10,21-11-2020,8.9,9.2,9.2,9.1,8.7,9.3,7.8
640,1924,25,29-03-2023,9,9.5,9.4,9.6,8.2,8.6,8.5
641,512,25,25-06-2025,9.1,9.5,9.5,8.9,8.9,9.1,8.3
642,1638,7,23-08-2022,8.8,9.1,8.5,8.6,9.7,8.8,8.4
643,1900,20,15-02-2021,9.2,9.7,8.9,9.8,9.1,8.9,8.4
644,1346,7,10-09-2023,8.8,8.8,9.2,8.2,9.6,9,8
645,661,6,15-12-2024,9,9.3,8.9,8.7,9.3,9.2,8.5
646,1391,8,16-04-2024,8.8,8.7,8.2,8.3,9.2,9.4,8.9
647,1453,19,15-07-2022,8.9,8.9,8.7,9.4,9.3,8.8,7.8
648,1334,17,20-07-2024,8.9,9.2,9.8,8.1,8.7,9.1,8.2
649,760,4,02-06-2024,9,9.5,8.9,9,8.6,9.7,8.3
650,925,7,24-12-2020,8.7,9.4,8.8,8.1,9.5,8.4,7.9
651,1472,22,18-09-2024,8.9,9.5,8.9,8.2,9.4,8.5,8.3
652,57,13,13-02-2020,8.7,8.8,8.1,8.3,8.7,9.6,8.6
653,41,17,03-08-2020,8.9,9.1,8.5,9,8.7,9.3,9
654,441,13,10-06-2021,8.7,8.7,8.8,8,9.4,8.8,8.6
655,925,22,29-04-2025,9.1,9.6,9.6,8.9,9.5,8.6,8.3
656,159,3,25-01-2025,8.7,7.9,9.3,8.4,9.6,8.8,7.7
657,93,24,07-07-2023,8.6,9.3,8.6,8,8.9,8.7,8.1
658,1384,14,07-07-2022,9,8.5,9.2,8.2,9.7,9.7,8.8
659,909,4,11-12-2021,9,9.7,9.3,8.6,8.3,9.4,8.2
660,737,20,25-04-2020,8.9,8.2,8.9,8.7,10,9.4,7.5
661,606,9,20-01-2024,8.8,8.8,8.8,9,9.1,8.7,8.2
662,1342,19,09-07-2024,9,9.7,8.9,8.6,9.4,8.4,8.6
663,971,20,05-08-2025,9,8.7,8.9,8.7,9.9,9.4,8.2
664,1546,11,12-08-2023,8.9,8.7,8.7,8.9,9.4,9.3,8.3
665,241,24,02-03-2025,8.8,8.9,8.4,8.7,9.1,9,8.8
666,852,11,24-10-2025,9.1,9.2,9.1,9.2,8.9,9.2,8.8
667,828,2,12-03-2022,9,9.7,9.4,8.6,9.1,8.5,8.4
668,1888,7,02-03-2021,8.8,9.3,8.9,8.7,9.2,8.5,8.4
669,327,4,28-10-2023,9.1,9.3,8.9,9.8,8.3,9.4,8.5
670,961,3,25-01-2025,9.1,9.3,9.3,8.9,9.2,9.6,8.4
671,1703,12,06-12-2021,8.8,9,8.9,9,8.6,8.9,8.6
672,1399,13,20-01-2021,8.9,9.5,9.4,8.3,9,8.3,8.4
673,1472,7,06-06-2023,8.9,9.3,9.6,8.2,9.1,9.1,7.8
674,248,7,24-11-2021,8.6,9.1,8.8,7.9,9.3,8.2,7.9
675,691,4,19-08-2021,9.2,10,9,8.5,9.1,9.5,8.6
676,490,20,10-04-2022,8.8,9.2,9.4,8.1,9.1,8.5,8.1
677,264,24,18-05-2023,8.6,8.9,8.9,8,8.8,8.6,8.2
678,1438,9,18-09-2021,9,8.5,8.9,9.2,9.4,9.3,8.4
679,712,1,12-04-2025,8.9,9.5,9.5,8.7,9.2,8.3,7.9
680,362,3,06-07-2025,8.7,8.3,9.1,9,9.2,8.7,7.5
681,1086,4,14-02-2023,8.9,9.6,9.5,9,8.3,8.6,8.2
682,1092,9,12-11-2024,8.9,8.5,8.9,8.9,9.8,8.9,7.5
683,803,15,08-08-2022,9.2,8.9,8.8,8.9,9.5,9.7,9.2
684,1313,9,07-11-2023,9,8.2,9.1,9.5,9.8,8.9,7.5
685,1515,21,21-03-2023,9,8.8,8.4,9,8.8,9.4,9.3
686,637,4,17-09-2023,8.8,8.6,8.6,9,8.6,9.6,7.9
687,633,3,13-02-2020,9.2,9.6,9.8,9.3,8.8,9.1,8.2
688,1393,7,04-03-2020,9,8,8.6,9.1,10,9.4,7.9
689,1885,22,06-08-2024,9.1,9.1,9.2,8.9,9.2,9.4,8.9
690,1831,9,31-12-2025,9.1,9.4,8.4,9,8.7,9.7,9.2
691,1465,14,30-07-2022,9.1,8.3,9.1,9.3,10,9,8.2
692,1097,21,26-04-2025,8.9,8.9,9.6,8.7,9.2,9,8
693,211,19,26-09-2020,9,9.9,9.1,8.2,9,9,8.5
694,385,13,26-10-2020,9.1,9.1,8.6,8.5,9.1,9.6,9.4
695,617,19,09-08-2021,8.9,8.6,9.1,8.9,9.3,8.9,8.4
696,882,25,27-02-2024,9.1,8.9,8.9,8.8,9,9.2,9.5
697,1028,15,29-03-2021,9.2,8.9,8.7,9.1,9.3,9.9,9.1
698,648,3,27-11-2023,9,8.8,8.6,8.2,9.7,9.9,8.5
699,547,25,12-07-2022,8.9,8.5,9.2,8.9,9,9.1,8.7
700,983,25,30-10-2021,8.9,8.7,9.2,8.9,8.9,9.5,7.5
701,1777,6,03-09-2023,9.2,9.7,8.7,9.5,9.5,9.5,8.1
702,1753,15,18-07-2020,8.9,9.2,9.3,7.9,9.3,9,8.3
703,789,19,29-06-2022,9,9.2,9,9.4,8.7,8.9,9
704,1386,20,24-05-2022,9.1,9.4,9.5,8.9,9.2,8.9,8.5
705,1610,18,21-01-2022,8.8,9.3,9.1,8.4,9.1,8.3,8.5
706,894,5,04-08-2022,9.3,9.7,9.7,9.1,9.2,9.1,8.6
707,1667,5,31-08-2024,8.8,8.4,8.8,9.2,9.2,8.9,7.5
708,1923,3,28-08-2024,9.2,9.1,8.7,8.3,9.8,9.9,9
709,255,18,16-04-2022,8.7,8.6,8.4,8.1,8.7,9.1,9.1
710,1021,2,29-11-2025,8.8,9.3,9.6,8,9.4,8.6,7.7
711,609,1,09-07-2025,8.6,8.1,8.9,9,9.6,8.3,7.3
712,1200,22,29-05-2025,9.2,9.2,8.8,9.2,9.3,9.5,9.3
713,1269,1,31-05-2024,9,9,8.4,9,9.8,9.4,8.5
714,1029,2,07-06-2023,8.8,8.4,8.4,8.2,9.1,9.8,8.8
715,833,5,09-02-2022,9,8.5,9.1,9.1,9.5,9.4,7.8
716,1325,16,08-10-2025,8.7,8.7,8.9,8.6,9.2,8.9,7.6
717,600,7,02-02-2021,8.8,8.6,8.4,8.4,9.8,9.1,8
718,301,2,31-12-2020,8.8,8.4,8.4,8.4,9.6,9.7,8.3
719,1784,3,20-12-2023,8.9,8.7,9.1,8.9,9,9,8.5
720,817,18,23-07-2025,8.8,9.2,8.8,8.6,9.2,8.8,8.2
721,101,10,10-07-2025,8.9,8.5,9,8.4,8.5,9.6,9.1
722,1585,1,30-06-2024,8.8,8.1,8.9,8.9,9.9,8.4,7.7
723,1356,12,31-08-2020,9,8.5,8.5,8.5,9.4,9.2,9.4
724,1567,11,15-04-2021,9.2,9.2,9.1,8.7,9.7,9,9.5
725,55,21,05-06-2025,8.9,8.9,8.6,8.8,9.2,9.4,7.9
726,1721,20,28-07-2022,9,8.8,9.3,8.8,9.2,8.9,9
727,122,11,01-04-2022,9.2,9.1,8.9,9.6,9.1,9.1,9.3
728,188,20,08-08-2021,9,9,9.2,8.7,9,9.3,8.6
729,1795,4,01-09-2025,8.8,9,8.8,9,9,9.1,7.7
730,1379,11,14-06-2021,9.3,9.3,9.1,8.7,9.1,9.8,9.6
731,336,14,20-04-2022,9.1,9.5,9.4,8.8,10,8.3,8.3
732,1945,9,18-09-2022,8.8,8.6,8.6,8.9,9.3,8.6,8.4
733,1845,11,27-10-2023,9.2,9.8,9.3,8.1,9.8,9,9.1
734,291,4,03-01-2020,8.9,9.8,9.4,8.3,8.5,8.6,8.4
735,1920,3,14-03-2023,8.9,9.3,9.3,8,9.1,9.1,8.2
736,505,3,31-07-2024,9.1,9.5,9.2,8.4,9.7,9,8.5
737,952,3,10-09-2020,9.1,8.4,9,8.4,9.9,9.6,8.9
738,950,16,21-08-2022,8.8,8.5,8.5,8.6,8.6,9.2,9.4
739,20,24,23-03-2023,8.6,8.1,8.7,7.9,9.4,8.8,8.6
740,1685,16,29-04-2021,9.1,9.1,9.3,9.2,9.7,9.3,7.4
741,1182,25,21-04-2020,8.9,9,8.5,8.4,9.2,9.5,8.8
742,687,7,31-01-2024,8.8,8.9,9,7.9,9.2,9.1,8.7
743,1637,17,05-02-2023,8.9,9.5,9.9,8,9,8.5,8
744,1906,25,18-06-2023,8.8,9.4,9.3,8.1,8.5,8.6,8.5
745,1536,19,29-08-2023,9.1,8.7,8.7,8.7,9.6,9.5,9.3
746,297,7,17-07-2021,8.9,8.9,9.5,7.7,9.7,9,8.3
747,1305,7,02-01-2024,8.8,9.5,8.9,7.7,9.6,8.8,8.1
748,838,18,04-08-2024,8.6,8.5,8.1,8.1,9,8.6,9.2
749,309,23,13-02-2024,8.8,9.3,9.3,7.7,8.9,8.8,8.5
750,1280,8,17-04-2024,9.1,9.7,8.7,9,9.2,9.3,8.5
751,627,18,13-02-2024,8.7,9,8.5,8.1,8.6,9.5,8.5
752,293,11,14-10-2020,9.2,8.9,8.5,9.1,9.1,9.8,9.7
753,653,11,19-12-2025,8.9,8.1,8.7,9.4,9.4,9,8.5
754,549,15,24-03-2025,9,9.4,9,7.9,9.3,9.3,8.6
755,326,5,03-11-2024,9.2,9.1,9.1,9.8,8.7,9.7,8.4
756,538,4,31-08-2025,8.9,8.9,8.8,9.1,9.3,9.4,7.6
757,393,7,28-06-2021,8.6,7.9,8.3,9,9.5,8.7,7.5
758,1367,11,03-08-2025,9.1,8.9,9.5,8.3,9.4,9.1,9
759,1760,17,27-12-2025,8.9,8.2,8.9,9.1,9.7,9,8.1
760,295,2,11-08-2024,8.6,8.9,9.5,8.1,8.8,8.7,7.4
761,864,18,06-07-2021,8.7,9.4,9.2,7.8,8.7,8.2,8.7
762,1731,16,04-06-2023,9,9.9,9.9,8,8.7,8.9,7.9
763,1562,14,11-03-2024,9.3,9.9,9.3,9.2,9.1,9.3,8.7
764,608,24,28-04-2020,8.7,9,8.8,8.3,8.5,8.7,8.7
765,836,12,03-05-2021,8.8,8.6,8.6,9,9.8,8.6,8
766,674,8,26-09-2022,8.9,8.8,8.9,8.6,10,9,7.4
767,155,18,23-05-2025,8.8,9.5,9.5,8,9.2,8,8
768,1086,9,10-08-2025,9,9.3,9.6,8.6,9.3,9.1,8.1
769,1230,15,31-08-2022,9,9.3,9.1,8,9.7,9.1,8.5
770,1172,6,22-06-2024,9.1,9.8,9.8,8.5,9.4,8.6,8.3
771,273,1,19-06-2021,8.8,8.3,8.5,9.3,9.9,8.7,7.1
772,251,14,19-07-2021,9.1,9.6,9.4,8.1,9.8,8.7,8.6
773,1940,4,18-10-2020,8.8,9.8,9.3,8.3,8.2,8.6,8.2
774,1910,14,23-07-2021,9.1,9.8,8.7,9.3,8.8,9,9
775,1370,21,20-01-2025,9,9.6,8.5,9.1,8.9,9.2,8.9
776,551,18,01-04-2022,8.6,8.7,8.1,8.4,9.5,8.8,7.6
777,1901,8,26-12-2023,9.2,9.5,9.3,9.2,9.3,8.6,9.1
778,363,19,17-07-2025,9.2,8.9,8.9,8.8,9.8,9.6,9.2
779,1478,8,25-02-2021,9.1,9.2,8.7,8.7,9.7,8.9,9.2
780,824,15,29-05-2025,9,9.7,9.2,8.9,9.4,8.6,8.4
781,1422,21,25-02-2020,8.8,9.2,9.6,8.5,8.9,8.2,8.1
782,585,8,08-08-2021,8.9,9.7,9.3,8.1,9.3,8.5,8.2
783,1387,10,11-12-2024,9,9.3,8.7,8.9,9,9.2,8.7
784,429,4,07-05-2023,8.8,9.5,9.2,8.5,8.4,9.2,8
785,845,22,18-05-2024,9.1,8.9,9.3,9,10,9.1,7.7
786,1305,7,12-12-2024,8.9,9.3,9.4,8,9.9,8.2,8.3
787,775,25,06-04-2025,9.1,9.2,8.4,8.3,9.4,9.6,9.5
788,1833,20,25-04-2024,9,9.6,9.5,8.7,9.6,8.4,8.1
789,582,11,02-04-2022,8.9,8.2,8.3,9,10,9.2,7.9
790,1218,17,05-11-2023,8.7,9,9.2,8.2,8.9,8.6,8.1
791,523,20,15-03-2025,9,9.4,9.1,9,8.7,9.1,8.9
792,1423,10,24-01-2025,9.1,9.6,8.8,9.5,8.3,9.3,8.7
793,1251,13,13-06-2022,9,8.5,8.7,8.7,9.1,9.5,9.5
794,1310,20,25-07-2025,9,9,8.7,9,9,9.5,9
795,861,11,17-08-2025,8.8,9.6,9.2,8.1,9.1,8.3,8.2
796,1020,5,15-08-2024,9.2,8.9,9.3,9,8.6,9.7,9.4
797,94,21,21-07-2025,8.9,9.6,9.3,8.3,8.7,9.1,8.2
798,1501,13,29-09-2023,8.7,8.9,9.6,8.5,8.8,8.2,8.2
799,1506,6,04-01-2025,9.1,9.5,9.2,8.5,9.7,8.8,8.4
800,92,19,16-12-2022,9.1,8.5,9,8.3,9.9,9,9.5
801,244,9,01-04-2021,9,9.6,8.6,9.6,8.4,8.9,8.9
802,1376,17,22-05-2024,8.9,9,9,8.7,8.6,9.2,8.6
803,1053,3,28-07-2024,8.7,8.5,9.3,8.7,9.3,8.8,7
804,1748,2,24-11-2021,9,9.7,8.8,8.9,9.2,8.9,8.5
805,1747,5,07-06-2023,9,8.4,8.9,9.6,9.2,9.2,8.1
806,174,17,16-05-2023,9,9.2,9.1,9.1,8.6,9.1,8.7
807,1201,1,14-03-2020,8.8,8.3,8.9,8.8,9,8.8,9
808,1004,16,15-08-2024,8.9,8.4,8.5,9.5,9.2,9.2,7.9
809,351,13,27-09-2022,9,9.6,9.5,8.3,8.9,8.8,8.8
810,484,21,07-06-2023,8.7,8.4,8.5,8.5,9.4,8.8,7.9
811,1135,24,05-05-2022,8.6,9.2,8.9,8.3,8.7,8.1,8.1
812,1073,6,09-03-2022,8.7,8.3,8.7,9.2,9.6,8.6,7.4
813,739,21,01-09-2022,9.3,9.8,9.1,9.5,9.2,9.4,9
814,254,10,21-04-2021,9.1,8.7,9.3,9.5,9.5,8.8,8.4
815,978,1,19-12-2021,8.8,9.2,8.8,8.7,9.4,8.6,8.4
816,1769,6,18-06-2024,9.1,9,9,9.3,10,8.9,8.1
817,1664,14,19-03-2022,9.2,8.6,9.2,9,9.6,9.5,9.4
818,786,18,13-03-2025,8.8,8.4,8.4,8.5,9.4,9.1,9
819,1158,1,24-04-2022,9,9.4,9.5,8,9.7,8.8,8.3
820,1602,17,26-08-2022,9.1,9.2,9.3,9.1,8.5,9,9.3
821,1581,19,08-08-2021,9.2,8.9,8.8,9,10,9.5,8.4
822,1720,13,31-12-2024,8.6,8.3,8.7,8.3,9.9,8.4,7.5
823,493,13,12-10-2025,8.9,9.5,9,8.2,9.2,8.5,8.9
824,613,17,30-10-2020,9.2,9.7,9.6,9.6,8.5,8.9,8.7
825,731,21,22-08-2020,8.9,8.9,8.4,9,8.9,9.2,8.7
826,750,11,27-11-2025,9.1,8.9,9.4,9.3,8.8,9.1,9.3
827,758,3,29-09-2024,9.2,9.6,9.5,8.1,9.8,9.2,8.3
828,236,1,07-08-2021,8.8,8.8,8.7,8.5,9.7,8.7,8.4
829,1602,18,13-03-2023,8.9,8.7,8.1,8.8,8.8,9.4,9.4
830,1693,3,06-05-2020,8.9,8.8,9,8.4,9.2,9.8,8.2
831,1428,24,14-02-2024,8.6,7.8,8.8,8.4,9.5,9,7.6
832,1213,16,17-10-2025,9.2,9.3,8.8,9.1,9,9.7,9.1
833,165,19,17-03-2024,9.2,8.8,9.1,9.1,9.6,9,9.6
834,1523,24,21-10-2024,8.7,8.1,8.6,8.8,9.3,8.9,8.4
835,440,14,19-11-2022,8.7,8.5,8.4,8.3,9.2,9.2,8.7
836,1141,2,24-06-2020,8.7,9.1,9.5,8.3,9.1,8.4,7.6
837,438,24,07-05-2022,8.8,9,8.8,9,8.6,8.8,8.7
838,649,3,23-10-2023,8.8,9.2,9.3,7.8,9.6,8.6,7.8
839,782,25,17-09-2025,9,9.1,9.4,8.9,9,8.4,8.9
840,1110,13,07-08-2025,8.7,9,9.2,7.7,9.2,9,8
841,411,3,20-07-2021,8.8,9,9.5,7.8,9,8.5,8.4
842,802,3,11-12-2020,9,9.6,9.4,9.4,8.6,9.1,7.9
843,1200,19,12-10-2022,9.1,9.3,8.8,9.3,9.5,9.2,8.7
844,836,4,14-11-2020,8.9,8.3,8.9,9.6,9.3,9.5,7.1
845,1063,6,23-05-2024,9.3,9.3,9.2,8.6,9.5,9.6,9.2
846,1929,11,01-07-2022,8.9,9.2,8.8,8.6,9.6,9,8.3
847,1354,2,10-06-2022,8.8,8.7,8.6,9.3,9.6,8.7,7.5
848,612,21,12-08-2021,9,9.3,8.7,9.1,9.4,8.5,8.7
849,476,12,23-05-2022,8.9,9.2,9.1,9,8.4,9,8.5
850,779,6,15-07-2023,9.1,9.8,9.3,9.2,8.9,8.9,8.2
851,1687,13,23-05-2022,8.9,9.2,9.3,8.7,9.2,8.8,8.2
852,233,13,18-04-2025,8.6,8.1,9,8.6,9.5,8.7,7.4
853,1319,17,07-06-2024,8.9,8.9,9,8.9,9.2,9.1,7.7
854,1711,7,03-09-2024,8.9,9.5,8.8,8.6,8.8,8.5,8.9
855,698,2,28-02-2024,8.8,9.2,9.7,8.1,9,9,7.6
856,145,21,13-08-2023,9.1,9.7,9.4,9.4,8.6,9.2,8.4
857,1246,21,16-12-2022,8.8,8.6,8.7,8.7,9.9,8.6,7.4
858,221,7,18-12-2025,8.9,9.2,9.3,8.2,9.2,8.5,8.5
859,520,5,05-12-2022,9.1,9.7,9.7,8.9,9,9,8.2
860,584,21,06-05-2022,8.9,8.9,9.5,8.1,8.9,8.9,8.8
861,1205,10,18-03-2021,9.3,9.5,8.9,9.5,9,9.6,9.1
862,1604,25,12-04-2021,9.1,9.7,9,9.6,8.4,9.5,8.5
863,922,9,22-08-2024,8.8,9.2,9.8,7.9,8.6,8.8,8.3
864,59,3,07-07-2025,9.1,9.4,9.5,8.5,9.6,8.8,8.3
865,1696,4,29-09-2022,9.1,9.9,9.2,8.8,9,9.4,8.3
866,1666,4,12-05-2025,8.8,8.9,8.4,9.5,8.9,9.2,7.8
867,1556,12,20-09-2025,8.6,8.2,8.3,9,9.3,8.5,8.2
868,165,1,04-06-2022,8.8,8.3,8.4,8.2,9.7,9.2,8.6
869,827,12,22-03-2023,8.8,8,9,8,9.2,9.1,9
870,421,19,30-04-2024,9.1,8.7,9,9.1,10,9.2,8
871,560,22,23-10-2024,8.9,8.9,8.5,9.1,9.9,9,7.6
872,384,12,08-06-2021,8.7,8.7,8.9,7.9,9.5,8.6,8.4
873,166,7,21-08-2025,9.1,9,8.3,8.7,9.8,9.4,9.1
874,676,3,26-05-2023,8.9,9.4,10,7.9,9.1,8.5,8
875,870,9,30-07-2021,9.1,9.2,9.7,8.4,9.2,9,8.6
876,1886,4,26-05-2022,9.1,9,8.5,9.1,8.7,9.9,9.2
877,1370,7,02-06-2023,9.1,9.3,9.3,9.2,9.5,8.9,8.2
878,621,21,01-10-2024,8.7,9.8,8.8,8.1,8.7,8.5,8.2
879,1182,6,24-07-2021,9,8.3,9.1,8.9,9.8,9.5,8.6
880,1186,18,06-09-2025,8.7,8.7,8.5,8.9,9.1,8.8,8.4
881,1705,22,28-05-2020,9.1,9.5,9.2,8,9.9,8.9,8.6
882,1818,15,24-02-2020,9.1,9.6,9.2,9,9.4,8.7,8.4
883,1351,10,13-09-2021,9,9.6,8.8,9,8.6,8.7,9
884,997,24,27-06-2022,8.7,9,8.2,8.3,8.5,9.4,8.5
885,80,1,16-07-2023,9,9.7,9.1,8.3,9.5,8.3,8.5
886,224,6,19-11-2022,8.9,8.6,8.7,9.3,10,8.8,7.4
887,1109,2,13-10-2020,9,9.1,9.9,8.7,9,8.9,8.1
888,1598,4,23-04-2021,8.9,9.2,9.7,8.8,8.7,8.9,8
889,1836,14,19-09-2024,9.2,9.4,9.5,9.6,8.9,9.1,8.6
890,1288,1,20-10-2023,8.8,9.2,8.5,8.9,8.9,8.7,8.5
891,262,7,18-08-2025,9,9.4,8.6,9,9,8.8,9
892,187,3,30-04-2022,9.2,9.6,9,9.6,8.9,9.1,8.8
893,1088,19,21-03-2025,8.8,8.8,8.4,8.6,9.4,9,8.2
894,841,24,28-10-2025,8.4,7.7,8.4,8.3,8.8,9,7.9
895,556,12,18-02-2022,8.7,8,8.8,7.9,9.4,9.1,8.9
896,1716,18,17-12-2025,8.8,8.2,8.8,8.1,9.4,9,9
897,1379,15,17-09-2022,8.9,8.6,9.1,8.6,9,9.3,8.5
898,1561,17,17-08-2025,9.3,9.8,9.2,9.6,8.8,9.4,9
899,1592,6,17-10-2020,9.3,9.7,9.7,8.5,10,9,8.4
900,1432,23,23-07-2022,8.9,9.4,9.4,8.5,8.5,8.4,8.7
901,726,20,02-05-2020,8.8,9,9.1,8.2,8.8,9.2,8.1
902,1150,21,06-08-2022,8.8,9.2,9,8.4,8.7,8.4,8.6
903,1640,24,16-11-2024,8.6,8.9,9.3,7.7,8.7,8.8,8.1
904,1579,23,13-04-2022,9,9.7,9.3,8.4,8.6,8.9,8.5
905,1832,11,14-10-2020,9.1,9.7,9.4,9,9.3,8.4,8.4
906,1744,3,07-08-2021,9,9.6,8.8,8.7,9.2,8.9,8.6
907,1527,8,31-07-2024,8.9,9.1,8.6,8.2,9.4,9.2,8.8
908,1670,14,26-06-2024,9,9,8.7,9.3,10,8.8,7.5
909,895,13,21-06-2020,8.5,8.1,8.1,8.5,9.6,8.4,8.1
910,350,11,08-04-2024,9.1,9.8,9.2,8.5,9.5,9,8.3
911,505,5,08-02-2024,9.2,9.1,9.8,9.2,9.2,9.1,8.8
912,988,13,16-10-2021,8.6,8,8.7,8.6,9.1,9.2,7.7
913,1835,3,06-09-2024,9,9.1,9.2,9,9.4,8.8,8.5
914,154,4,14-12-2022,9.3,9.8,9.1,9.9,8.5,9.6,8.6
915,1719,5,30-03-2020,9,9,9.4,9,9.1,8.8,8.2
916,653,2,08-10-2023,8.8,8.4,8.5,8.7,9.9,9.5,7.3
917,407,13,18-01-2025,8.8,8.3,8.9,8.8,8.9,8.7,9.1
918,1125,10,10-10-2023,9.2,9.2,9.2,9.2,9,9.6,8.8
919,592,9,19-02-2022,8.9,9.1,9.5,8.5,8.6,8.6,8.9
920,1002,21,28-05-2021,8.9,8.9,9.4,8.5,9.4,8.6,8.5
921,1716,25,14-02-2020,9,9,9.1,8.4,9.5,8.9,9.3
922,1864,3,14-05-2023,8.7,8.7,8.5,8.5,10,8.9,7.1
923,528,22,12-12-2022,9.1,10,8.6,9.1,8.7,9.2,8.7
924,196,2,21-02-2024,8.7,9,9.2,8.6,9.1,8.3,7.6
925,1112,14,25-09-2023,9,8.8,9.1,8.8,9.8,8.7,8.2
926,1239,24,14-03-2023,8.9,8,8.8,8.7,9.1,9.3,9.1
927,1560,4,04-01-2023,8.8,9,8.9,9.1,8.9,9.1,7.2
928,746,13,29-08-2023,8.8,9.6,9.1,7.7,9.6,8.1,8.1
929,367,11,05-03-2023,9.4,9.8,9.2,9.8,9.4,9.2,9
930,1219,7,25-06-2020,8.8,8.4,8.7,7.9,9.9,9.2,8.7
931,1078,9,28-12-2023,8.9,9.1,9.8,8.2,8.8,8.5,8.8
932,1217,19,05-07-2020,8.7,8.7,8.9,8.6,9.6,8.5,7.6
933,163,5,30-06-2023,9.1,9.4,9.2,8.9,9,9.2,8.6
934,321,23,11-09-2022,8.8,8.3,8.4,8.3,9,9.4,8.9
935,1114,10,26-04-2021,9.4,9.4,9.7,9.5,9,9.6,9
936,209,1,16-06-2021,8.9,9.4,9.1,7.9,9.6,8.8,8
937,547,19,03-08-2021,9.1,9.1,9.2,8.4,9.6,9,9.2
938,1388,25,10-07-2022,9,8.6,9.2,8.7,9,9.8,8.8
939,1201,17,06-05-2025,9.2,9.3,8.7,9.2,9.5,9.8,8.7
940,1940,18,01-10-2021,8.7,8.9,9.4,7.8,8.7,8.7,8.4
941,53,9,18-03-2025,9.2,10,9.1,9.1,9,8.8,8.9
942,1820,8,29-06-2025,8.6,8.2,8,8.4,9.1,8.8,9.1
943,654,18,12-10-2020,9,8.9,9.3,8.7,9.3,9,8.7
944,396,6,11-08-2025,8.9,9.5,9.2,8.4,9.8,8.6,7.8
945,518,24,18-02-2021,8.7,8.7,8.3,9,8.5,8.6,8.9
946,949,4,14-02-2024,9.3,9.8,9.3,10,8.7,9.4,8.1
947,1520,17,25-08-2025,9,9.5,9.5,8.3,8.9,9.1,8.7
948,4,23,17-05-2020,8.8,9.2,8.7,8.7,8.9,8.8,8.4
949,576,15,31-01-2022,9,9.6,9.7,8.5,9.2,8.7,8
950,268,1,14-06-2024,8.8,9,9.1,8.3,9.1,8.8,8.3
951,1614,3,22-07-2023,8.7,8.7,9.3,8.6,9.1,8.5,7.7
952,604,20,27-09-2022,8.8,8.1,8.8,9.2,9.3,9.1,8.1
953,296,9,14-10-2025,9.1,9.1,9.3,8.3,9.1,9.6,9.3
954,1102,6,12-08-2020,9.3,9.8,8.9,9.1,9.6,9.4,9
955,1666,16,31-05-2023,8.8,8.5,8.5,9,9.1,9.3,8.1
956,588,12,30-03-2025,8.8,8.6,8.4,8.3,9.2,9.1,9.2
957,1983,17,24-06-2022,8.8,8.6,8.4,9.4,8.9,9.3,7.5
958,229,22,20-12-2022,8.9,8.3,9,8.7,10,8.8,8
959,635,20,26-11-2022,9,9,9,8.6,9,9.8,8.6
960,509,7,08-03-2020,8.8,8.6,9.1,8.7,9.5,9.2,7.2
961,214,3,21-10-2022,8.9,8.1,9.3,8.3,9.5,9.3,8.5
962,1518,3,01-04-2023,8.9,9.4,9,8.9,9.3,9,7.9
963,1918,9,09-07-2025,9.2,9.6,9.4,9.5,9,9.2,8.6
964,1208,17,11-09-2024,9,9.2,8.8,8.5,9.2,9.2,8.9
965,1814,4,22-08-2022,8.8,9.3,9,8.9,9,8.8,7.7
966,1240,3,24-01-2024,8.9,8.9,9.8,7.8,9.6,9,8
967,297,17,16-08-2022,8.8,8.9,9.2,8.7,8.9,8.8,8.2
968,1448,8,20-06-2021,9,8.8,9.1,9.4,8.8,9.1,8.7
969,919,11,23-12-2022,9.2,9.8,9.7,8.6,9.1,8.9,8.9
970,595,16,25-07-2025,9.1,9.5,9.4,9.1,8.7,9.6,8.4
971,1964,12,15-06-2024,8.7,8.6,8.3,8.5,9.7,9.1,7.6
972,1344,11,03-04-2020,9.3,9.4,8.9,9.7,9.3,9.4,9.2
973,635,10,24-05-2024,8.8,9,8.5,8.4,8.9,9,9.1
974,1898,16,09-04-2022,9.1,9.5,9.5,9,9,9.1,8.1
975,1825,9,27-02-2021,8.8,8.2,9.3,8.8,9,9.1,8.1
976,469,2,01-12-2024,8.9,9.7,9.7,7.8,8.8,8.6,8.2
977,1507,7,13-04-2021,8.9,8.5,8.8,9,9.7,9.1,7.5
978,348,14,30-06-2025,9.1,9.5,8.9,9.7,8.8,8.8,8.5
979,1846,23,10-05-2021,8.7,7.9,8.8,8.5,9.6,8.9,7.6
980,1057,13,17-06-2022,8.7,9.1,8.7,8.2,8.7,9,8.1
981,1563,11,27-09-2023,8.9,9.2,8.9,8.5,9.6,9,8.3
982,699,6,31-12-2025,8.9,9.1,8.8,9.3,9.3,8.6,8.5
983,63,6,23-10-2024,9.1,9.5,9.3,8.4,9.5,9.2,8.7
984,1099,1,17-11-2025,8.7,8.8,8.2,8.3,9.1,8.9,8.6
985,892,23,02-04-2022,8.9,8.8,8.4,9.2,9.3,9.3,8.1
986,22,24,28-08-2022,8.6,8.2,8.1,8.3,9,8.6,9.3
987,1048,17,06-07-2020,8.6,8,8.5,8.9,9.3,8.6,7.9
988,776,12,10-07-2024,8.8,9.2,9,8.5,9.5,8.2,8.1
989,1160,23,25-11-2021,8.9,9.4,9.4,8.1,9.2,8.8,8.4
990,99,25,14-04-2025,9.2,8.6,9.2,9.2,9.5,9.6,9.2
991,683,15,06-04-2025,8.8,8.6,8.9,8.5,8.9,9.3,8.4
992,95,2,13-01-2021,8.8,9.7,9.3,8.3,9,8.5,7.7
993,1552,15,26-07-2023,9,8.8,8.7,8.2,9.5,9.3,9.1
994,1084,14,16-09-2023,9.1,8.4,9.1,8.6,9.1,9.4,9.6
995,912,25,04-06-2021,8.9,9,8.5,9,9.5,8.8,8
996,973,14,27-02-2020,8.8,8.3,8.8,9.1,9.5,8.6,7.9
997,1524,24,17-11-2021,8.7,7.9,8.1,9.1,9.7,8.7,8
998,449,16,23-01-2021,9.1,9.5,9.4,9.8,8.2,9.2,8.5
999,836,17,12-07-2024,8.7,8.6,8.5,8.7,9.2,8.9,8.2
1000,1779,22,03-07-2022,9.3,9.7,9,9.2,9.3,9.3,9.4
